<?xml version="1.0" encoding="UTF-8"?>
<addon
  id="inputstream.hls"
  version="1.0.0"
  name="InputStream HLS"
  provider-name="awaters1@gmail.com">
  <requires>
    <import addon="kodi.binary.global.main" minversion="1.2.0" version="1.3.0"/>
    <import addon="kodi.binary.global.general" minversion="1.0.4" version="1.0.5"/>
    <import addon="kodi.binary.global.filesystem" minversion="1.1.0" version="1.1.6"/>
    <import addon="kodi.binary.global.network" minversion="1.0.0" version="1.0.4"/>
    <import addon="kodi.binary.global.tools" minversion="1.0.0" version="1.0.4"/>
    <import addon="kodi.binary.instance.inputstream" minversion="3.0.1" version="3.0.1"/>   
  </requires>
  <extension
    point="kodi.inputstream"
    name="hls"
    extension=".m3u8"
    tags="true"
    listitemprops="license_type|license_key|license_data"
    library_windows="inputstream.hls.dll"/>
  <extension point="xbmc.addon.metadata">
    <summary lang="en">InputStream Client for HLS files</summary>
    <description lang="en">InputStream Client for HLS files</description>
    <platform>windows</platform>
  </extension>
</addon>
