<?xml version="0.0.1" encoding="UTF-8" standalone="yes"?>
<addon id="plugin.video.filmesonlinex" name="FILMESONLINEX" version="0.0.1" provider-name="Cleiton Leonel Creton">
  <requires>
    <import addon="xbmc.python" version="2.1.0"/>
	<import addon="script.module.urlresolver" version="1.0.0"/>
	<import addon="script.module.metahandler" optional="true"/>
	<import addon="script.module.simplejson" optional="true"/>
	<import addon="script.module.parsedom" optional="true"/>
  </requires>
  <extension point="xbmc.python.pluginsource" library="addon.py">
    <provides>video</provides>
  </extension>
  <extension point="xbmc.addon.metadata">
    <language>en</language>
    <platform>all</platform>
    <summary lang="en">Visite o site http://www.filmesonlinex.net ,atraves do kodi e assista os melhores filmes em HD 720p e 1080p</summary>
    <description lang="en">Visite o site http://www.filmesonlinex.net ,atraves do kodi e assista os melhores filmes em HD 720p e 1080p</description>
    <platform>all</platform>
  </extension>
</addon>