<?xml version="1.0" encoding="UTF-8" standalone="yes"?>
<addon id="plugin.audio.zofe" name="Zofe PodCast" version="0.0.1" provider-name="AddonReneSilva">
    <requires>
        <import addon="xbmc.python" version="2.24.0" />       
    </requires>
    <extension point="xbmc.python.pluginsource" library="default.py">
        <provides>audio</provides>
    </extension>
    <extension point="xbmc.addon.metadata">
        <summary lang="en">Zofe PodCast</summary>
        <license>GNU General Public License, v2</license>
        <description lang="en">Zofe PodCast - Sao Paulo</description>
        <platform>all</platform>
        <source>https://github.com/reneapsi/plugin.audio.zofe</source>
        <assets>
            <icon>icon.png</icon>
            <fanart>fanart.jpg</fanart>
        </assets>
    </extension>
</addon>