<?xml version="1.0" encoding="UTF-8" standalone="yes"?>
<addon id="plugin.video.olhardigital" name="Olhar Digital" version="2.0.1" provider-name="AddonBrasil">
  <requires>
    <import addon="xbmc.python" version="3.0.0"/>
    <!--import addon="script.module.addon.common" version="2.0.0"/-->
    <import addon="plugin.video.youtube" version="5.0.0"/>
  </requires>
	
  <extension point="xbmc.python.pluginsource" library="default.py">
    <provides>video</provides>
  </extension>
	
  <extension point="xbmc.addon.metadata">
    <summary lang="en">Olhar Digital</summary>
    <description lang="en">Acompanhe na integra ao programa semanal do Olhar Digital Plus.</description>
    <platform>all</platform>
    <forum></forum>
    <website></website>
    <assets>
      <icon>resources/icon.png</icon>
      <fanart>resources/fanart.jpg</fanart>
    </assets>
  </extension>
</addon>
