<?xml version="1.0" encoding="UTF-8"?>
<addon
  id="inputstream.hls"
  version="1.0.0"
  name="InputStream HLS"
  provider-name="awaters1@gmail.com">
  <requires>
    <import addon="kodi.inputstream" version="1.0.6"/>
  </requires>
  <extension
    point="kodi.inputstream"
    name="hls"
    extension=".m3u8"
    tags="true"
    listitemprops="license_type|license_key|license_data"
    library_windows="inputstream.hls.dll"/>
  <extension point="xbmc.addon.metadata">
    <summary lang="en">InputStream Client for HLS files</summary>
    <description lang="en">InputStream Client for HLS files</description>
    <platform>windows</platform>
  </extension>
</addon>
